data,times,chanlocs
"[[ 6431.76    6383.16    6407.4    ...     0.         0.         0.    ]
 [12972.4795 12924.96   12955.08   ...     0.         0.         0.    ]
 [11571.119  11522.76   11553.12   ...     0.         0.         0.    ]
 ...
 [11842.439  11785.2    11788.92   ...     0.         0.         0.    ]
 [11487.12   11431.319  11428.92   ...     0.         0.         0.    ]
 [ 6353.7603  6296.04    6301.92   ...     0.         0.         0.    ]]","[[0.00000000e+00 1.95312500e+00 3.90625000e+00 ... 9.69941406e+04
  9.69960938e+04 9.69980469e+04]]","[[(array(['FP1'], dtype='<U3'), array([], dtype='<U1'), array([], shape=(0, 0), dtype=uint8), array([], shape=(0, 0), dtype=uint8), array([], shape=(0, 0), dtype=uint8), array([], shape=(0, 0), dtype=uint8), array([], shape=(0, 0), dtype=uint8), array([], shape=(0, 0), dtype=uint8), array([], shape=(0, 0), dtype=uint8), array([], shape=(0, 0), dtype=uint8), array([], dtype='<U1'), array([], shape=(0, 0), dtype=uint8))]
 [(array(['FPZ'], dtype='<U3'), array([], dtype='<U1'), array([], shape=(1, 0), dtype=float64), array([], shape=(1, 0), dtype=float64), array([], shape=(1, 0), dtype=float64), array([], shape=(1, 0), dtype=float64), array([], shape=(1, 0), dtype=float64), array([], shape=(1, 0), dtype=float64), array([], shape=(1, 0), dtype=float64), array([], shape=(1, 0), dtype=float64), array([], dtype='<U1'), array([], shape=(1, 0), dtype=float64))]
 [(array(['FP2'], dtype='<U3'), array([], dtype='<U1'), array([], shape=(1, 0), dtype=float64), array([], shape=(1, 0), dtype=float64), array([], shape=(1, 0), dtype=float64), array([], shape=(1, 0), dtype=float64), array([], shape=(1, 0), dtype=float64), array([], shape=(1, 0), dtype=float64), array([], shape=(1, 0), dtype=float64), array([], shape=(1, 0), dtype=float64), array([], dtype='<U1'), array([], shape=(1, 0), dtype=float64))]
 [(array(['F7'], dtype='<U2'), array([], dtype='<U1'), array([], shape=(1, 0), dtype=float64), array([], shape=(1, 0), dtype=float64), array([], shape=(1, 0), dtype=float64), array([], shape=(1, 0), dtype=float64), array([], shape=(1, 0), dtype=float64), array([], shape=(1, 0), dtype=float64), array([], shape=(1, 0), dtype=float64), array([], shape=(1, 0), dtype=float64), array([], dtype='<U1'), array([], shape=(1, 0), dtype=float64))]
 [(array(['F3'], dtype='<U2'), array([], dtype='<U1'), array([], shape=(1, 0), dtype=float64), array([], shape=(1, 0), dtype=float64), array([], shape=(1, 0), dtype=float64), array([], shape=(1, 0), dtype=float64), array([], shape=(1, 0), dtype=float64), array([], shape=(1, 0), dtype=float64), array([], shape=(1, 0), dtype=float64), array([], shape=(1, 0), dtype=float64), array([], dtype='<U1'), array([], shape=(1, 0), dtype=float64))]
 [(array(['FZ'], dtype='<U2'), array([], dtype='<U1'), array([], shape=(1, 0), dtype=float64), array([], shape=(1, 0), dtype=float64), array([], shape=(1, 0), dtype=float64), array([], shape=(1, 0), dtype=float64), array([], shape=(1, 0), dtype=float64), array([], shape=(1, 0), dtype=float64), array([], shape=(1, 0), dtype=float64), array([], shape=(1, 0), dtype=float64), array([], dtype='<U1'), array([], shape=(1, 0), dtype=float64))]
 [(array(['F4'], dtype='<U2'), array([], dtype='<U1'), array([], shape=(1, 0), dtype=float64), array([], shape=(1, 0), dtype=float64), array([], shape=(1, 0), dtype=float64), array([], shape=(1, 0), dtype=float64), array([], shape=(1, 0), dtype=float64), array([], shape=(1, 0), dtype=float64), array([], shape=(1, 0), dtype=float64), array([], shape=(1, 0), dtype=float64), array([], dtype='<U1'), array([], shape=(1, 0), dtype=float64))]
 [(array(['F8'], dtype='<U2'), array([], dtype='<U1'), array([], shape=(1, 0), dtype=float64), array([], shape=(1, 0), dtype=float64), array([], shape=(1, 0), dtype=float64), array([], shape=(1, 0), dtype=float64), array([], shape=(1, 0), dtype=float64), array([], shape=(1, 0), dtype=float64), array([], shape=(1, 0), dtype=float64), array([], shape=(1, 0), dtype=float64), array([], dtype='<U1'), array([], shape=(1, 0), dtype=float64))]
 [(array(['FC5'], dtype='<U3'), array([], dtype='<U1'), array([], shape=(1, 0), dtype=float64), array([], shape=(1, 0), dtype=float64), array([], shape=(1, 0), dtype=float64), array([], shape=(1, 0), dtype=float64), array([], shape=(1, 0), dtype=float64), array([], shape=(1, 0), dtype=float64), array([], shape=(1, 0), dtype=float64), array([], shape=(1, 0), dtype=float64), array([], dtype='<U1'), array([], shape=(1, 0), dtype=float64))]
 [(array(['FC1'], dtype='<U3'), array([], dtype='<U1'), array([], shape=(1, 0), dtype=float64), array([], shape=(1, 0), dtype=float64), array([], shape=(1, 0), dtype=float64), array([], shape=(1, 0), dtype=float64), array([], shape=(1, 0), dtype=float64), array([], shape=(1, 0), dtype=float64), array([], shape=(1, 0), dtype=float64), array([], shape=(1, 0), dtype=float64), array([], dtype='<U1'), array([], shape=(1, 0), dtype=float64))]
 [(array(['FC2'], dtype='<U3'), array([], dtype='<U1'), array([], shape=(1, 0), dtype=float64), array([], shape=(1, 0), dtype=float64), array([], shape=(1, 0), dtype=float64), array([], shape=(1, 0), dtype=float64), array([], shape=(1, 0), dtype=float64), array([], shape=(1, 0), dtype=float64), array([], shape=(1, 0), dtype=float64), array([], shape=(1, 0), dtype=float64), array([], dtype='<U1'), array([], shape=(1, 0), dtype=float64))]
 [(array(['FC6'], dtype='<U3'), array([], dtype='<U1'), array([], shape=(1, 0), dtype=float64), array([], shape=(1, 0), dtype=float64), array([], shape=(1, 0), dtype=float64), array([], shape=(1, 0), dtype=float64), array([], shape=(1, 0), dtype=float64), array([], shape=(1, 0), dtype=float64), array([], shape=(1, 0), dtype=float64), array([], shape=(1, 0), dtype=float64), array([], dtype='<U1'), array([], shape=(1, 0), dtype=float64))]
 [(array(['M1'], dtype='<U2'), array([], dtype='<U1'), array([], shape=(1, 0), dtype=float64), array([], shape=(1, 0), dtype=float64), array([], shape=(1, 0), dtype=float64), array([], shape=(1, 0), dtype=float64), array([], shape=(1, 0), dtype=float64), array([], shape=(1, 0), dtype=float64), array([], shape=(1, 0), dtype=float64), array([], shape=(1, 0), dtype=float64), array([], dtype='<U1'), array([], shape=(1, 0), dtype=float64))]
 [(array(['T7'], dtype='<U2'), array([], dtype='<U1'), array([], shape=(1, 0), dtype=float64), array([], shape=(1, 0), dtype=float64), array([], shape=(1, 0), dtype=float64), array([], shape=(1, 0), dtype=float64), array([], shape=(1, 0), dtype=float64), array([], shape=(1, 0), dtype=float64), array([], shape=(1, 0), dtype=float64), array([], shape=(1, 0), dtype=float64), array([], dtype='<U1'), array([], shape=(1, 0), dtype=float64))]
 [(array(['C3'], dtype='<U2'), array([], dtype='<U1'), array([], shape=(1, 0), dtype=float64), array([], shape=(1, 0), dtype=float64), array([], shape=(1, 0), dtype=float64), array([], shape=(1, 0), dtype=float64), array([], shape=(1, 0), dtype=float64), array([], shape=(1, 0), dtype=float64), array([], shape=(1, 0), dtype=float64), array([], shape=(1, 0), dtype=float64), array([], dtype='<U1'), array([], shape=(1, 0), dtype=float64))]
 [(array(['CZ'], dtype='<U2'), array([], dtype='<U1'), array([], shape=(1, 0), dtype=float64), array([], shape=(1, 0), dtype=float64), array([], shape=(1, 0), dtype=float64), array([], shape=(1, 0), dtype=float64), array([], shape=(1, 0), dtype=float64), array([], shape=(1, 0), dtype=float64), array([], shape=(1, 0), dtype=float64), array([], shape=(1, 0), dtype=float64), array([], dtype='<U1'), array([], shape=(1, 0), dtype=float64))]
 [(array(['C4'], dtype='<U2'), array([], dtype='<U1'), array([], shape=(1, 0), dtype=float64), array([], shape=(1, 0), dtype=float64), array([], shape=(1, 0), dtype=float64), array([], shape=(1, 0), dtype=float64), array([], shape=(1, 0), dtype=float64), array([], shape=(1, 0), dtype=float64), array([], shape=(1, 0), dtype=float64), array([], shape=(1, 0), dtype=float64), array([], dtype='<U1'), array([], shape=(1, 0), dtype=float64))]
 [(array(['T8'], dtype='<U2'), array([], dtype='<U1'), array([], shape=(1, 0), dtype=float64), array([], shape=(1, 0), dtype=float64), array([], shape=(1, 0), dtype=float64), array([], shape=(1, 0), dtype=float64), array([], shape=(1, 0), dtype=float64), array([], shape=(1, 0), dtype=float64), array([], shape=(1, 0), dtype=float64), array([], shape=(1, 0), dtype=float64), array([], dtype='<U1'), array([], shape=(1, 0), dtype=float64))]
 [(array(['M2'], dtype='<U2'), array([], dtype='<U1'), array([], shape=(1, 0), dtype=float64), array([], shape=(1, 0), dtype=float64), array([], shape=(1, 0), dtype=float64), array([], shape=(1, 0), dtype=float64), array([], shape=(1, 0), dtype=float64), array([], shape=(1, 0), dtype=float64), array([], shape=(1, 0), dtype=float64), array([], shape=(1, 0), dtype=float64), array([], dtype='<U1'), array([], shape=(1, 0), dtype=float64))]
 [(array(['CP5'], dtype='<U3'), array([], dtype='<U1'), array([], shape=(1, 0), dtype=float64), array([], shape=(1, 0), dtype=float64), array([], shape=(1, 0), dtype=float64), array([], shape=(1, 0), dtype=float64), array([], shape=(1, 0), dtype=float64), array([], shape=(1, 0), dtype=float64), array([], shape=(1, 0), dtype=float64), array([], shape=(1, 0), dtype=float64), array([], dtype='<U1'), array([], shape=(1, 0), dtype=float64))]
 [(array(['CP1'], dtype='<U3'), array([], dtype='<U1'), array([], shape=(1, 0), dtype=float64), array([], shape=(1, 0), dtype=float64), array([], shape=(1, 0), dtype=float64), array([], shape=(1, 0), dtype=float64), array([], shape=(1, 0), dtype=float64), array([], shape=(1, 0), dtype=float64), array([], shape=(1, 0), dtype=float64), array([], shape=(1, 0), dtype=float64), array([], dtype='<U1'), array([], shape=(1, 0), dtype=float64))]
 [(array(['CP2'], dtype='<U3'), array([], dtype='<U1'), array([], shape=(1, 0), dtype=float64), array([], shape=(1, 0), dtype=float64), array([], shape=(1, 0), dtype=float64), array([], shape=(1, 0), dtype=float64), array([], shape=(1, 0), dtype=float64), array([], shape=(1, 0), dtype=float64), array([], shape=(1, 0), dtype=float64), array([], shape=(1, 0), dtype=float64), array([], dtype='<U1'), array([], shape=(1, 0), dtype=float64))]
 [(array(['CP6'], dtype='<U3'), array([], dtype='<U1'), array([], shape=(1, 0), dtype=float64), array([], shape=(1, 0), dtype=float64), array([], shape=(1, 0), dtype=float64), array([], shape=(1, 0), dtype=float64), array([], shape=(1, 0), dtype=float64), array([], shape=(1, 0), dtype=float64), array([], shape=(1, 0), dtype=float64), array([], shape=(1, 0), dtype=float64), array([], dtype='<U1'), array([], shape=(1, 0), dtype=float64))]
 [(array(['P7'], dtype='<U2'), array([], dtype='<U1'), array([], shape=(1, 0), dtype=float64), array([], shape=(1, 0), dtype=float64), array([], shape=(1, 0), dtype=float64), array([], shape=(1, 0), dtype=float64), array([], shape=(1, 0), dtype=float64), array([], shape=(1, 0), dtype=float64), array([], shape=(1, 0), dtype=float64), array([], shape=(1, 0), dtype=float64), array([], dtype='<U1'), array([], shape=(1, 0), dtype=float64))]
 [(array(['P3'], dtype='<U2'), array([], dtype='<U1'), array([], shape=(1, 0), dtype=float64), array([], shape=(1, 0), dtype=float64), array([], shape=(1, 0), dtype=float64), array([], shape=(1, 0), dtype=float64), array([], shape=(1, 0), dtype=float64), array([], shape=(1, 0), dtype=float64), array([], shape=(1, 0), dtype=float64), array([], shape=(1, 0), dtype=float64), array([], dtype='<U1'), array([], shape=(1, 0), dtype=float64))]
 [(array(['PZ'], dtype='<U2'), array([], dtype='<U1'), array([], shape=(1, 0), dtype=float64), array([], shape=(1, 0), dtype=float64), array([], shape=(1, 0), dtype=float64), array([], shape=(1, 0), dtype=float64), array([], shape=(1, 0), dtype=float64), array([], shape=(1, 0), dtype=float64), array([], shape=(1, 0), dtype=float64), array([], shape=(1, 0), dtype=float64), array([], dtype='<U1'), array([], shape=(1, 0), dtype=float64))]
 [(array(['P4'], dtype='<U2'), array([], dtype='<U1'), array([], shape=(1, 0), dtype=float64), array([], shape=(1, 0), dtype=float64), array([], shape=(1, 0), dtype=float64), array([], shape=(1, 0), dtype=float64), array([], shape=(1, 0), dtype=float64), array([], shape=(1, 0), dtype=float64), array([], shape=(1, 0), dtype=float64), array([], shape=(1, 0), dtype=float64), array([], dtype='<U1'), array([], shape=(1, 0), dtype=float64))]
 [(array(['P8'], dtype='<U2'), array([], dtype='<U1'), array([], shape=(1, 0), dtype=float64), array([], shape=(1, 0), dtype=float64), array([], shape=(1, 0), dtype=float64), array([], shape=(1, 0), dtype=float64), array([], shape=(1, 0), dtype=float64), array([], shape=(1, 0), dtype=float64), array([], shape=(1, 0), dtype=float64), array([], shape=(1, 0), dtype=float64), array([], dtype='<U1'), array([], shape=(1, 0), dtype=float64))]
 [(array(['POZ'], dtype='<U3'), array([], dtype='<U1'), array([], shape=(1, 0), dtype=float64), array([], shape=(1, 0), dtype=float64), array([], shape=(1, 0), dtype=float64), array([], shape=(1, 0), dtype=float64), array([], shape=(1, 0), dtype=float64), array([], shape=(1, 0), dtype=float64), array([], shape=(1, 0), dtype=float64), array([], shape=(1, 0), dtype=float64), array([], dtype='<U1'), array([], shape=(1, 0), dtype=float64))]
 [(array(['O1'], dtype='<U2'), array([], dtype='<U1'), array([], shape=(1, 0), dtype=float64), array([], shape=(1, 0), dtype=float64), array([], shape=(1, 0), dtype=float64), array([], shape=(1, 0), dtype=float64), array([], shape=(1, 0), dtype=float64), array([], shape=(1, 0), dtype=float64), array([], shape=(1, 0), dtype=float64), array([], shape=(1, 0), dtype=float64), array([], dtype='<U1'), array([], shape=(1, 0), dtype=float64))]
 [(array(['O2'], dtype='<U2'), array([], dtype='<U1'), array([], shape=(1, 0), dtype=float64), array([], shape=(1, 0), dtype=float64), array([], shape=(1, 0), dtype=float64), array([], shape=(1, 0), dtype=float64), array([], shape=(1, 0), dtype=float64), array([], shape=(1, 0), dtype=float64), array([], shape=(1, 0), dtype=float64), array([], shape=(1, 0), dtype=float64), array([], dtype='<U1'), array([], shape=(1, 0), dtype=float64))]
 [(array(['EOG'], dtype='<U3'), array([], dtype='<U1'), array([], shape=(1, 0), dtype=float64), array([], shape=(1, 0), dtype=float64), array([], shape=(1, 0), dtype=float64), array([], shape=(1, 0), dtype=float64), array([], shape=(1, 0), dtype=float64), array([], shape=(1, 0), dtype=float64), array([], shape=(1, 0), dtype=float64), array([], shape=(1, 0), dtype=float64), array([], dtype='<U1'), array([], shape=(1, 0), dtype=float64))]
 [(array(['AF7'], dtype='<U3'), array([], dtype='<U1'), array([], shape=(1, 0), dtype=float64), array([], shape=(1, 0), dtype=float64), array([], shape=(1, 0), dtype=float64), array([], shape=(1, 0), dtype=float64), array([], shape=(1, 0), dtype=float64), array([], shape=(1, 0), dtype=float64), array([], shape=(1, 0), dtype=float64), array([], shape=(1, 0), dtype=float64), array([], dtype='<U1'), array([], shape=(1, 0), dtype=float64))]
 [(array(['AF3'], dtype='<U3'), array([], dtype='<U1'), array([], shape=(1, 0), dtype=float64), array([], shape=(1, 0), dtype=float64), array([], shape=(1, 0), dtype=float64), array([], shape=(1, 0), dtype=float64), array([], shape=(1, 0), dtype=float64), array([], shape=(1, 0), dtype=float64), array([], shape=(1, 0), dtype=float64), array([], shape=(1, 0), dtype=float64), array([], dtype='<U1'), array([], shape=(1, 0), dtype=float64))]
 [(array(['AF4'], dtype='<U3'), array([], dtype='<U1'), array([], shape=(1, 0), dtype=float64), array([], shape=(1, 0), dtype=float64), array([], shape=(1, 0), dtype=float64), array([], shape=(1, 0), dtype=float64), array([], shape=(1, 0), dtype=float64), array([], shape=(1, 0), dtype=float64), array([], shape=(1, 0), dtype=float64), array([], shape=(1, 0), dtype=float64), array([], dtype='<U1'), array([], shape=(1, 0), dtype=float64))]
 [(array(['AF8'], dtype='<U3'), array([], dtype='<U1'), array([], shape=(1, 0), dtype=float64), array([], shape=(1, 0), dtype=float64), array([], shape=(1, 0), dtype=float64), array([], shape=(1, 0), dtype=float64), array([], shape=(1, 0), dtype=float64), array([], shape=(1, 0), dtype=float64), array([], shape=(1, 0), dtype=float64), array([], shape=(1, 0), dtype=float64), array([], dtype='<U1'), array([], shape=(1, 0), dtype=float64))]
 [(array(['F5'], dtype='<U2'), array([], dtype='<U1'), array([], shape=(1, 0), dtype=float64), array([], shape=(1, 0), dtype=float64), array([], shape=(1, 0), dtype=float64), array([], shape=(1, 0), dtype=float64), array([], shape=(1, 0), dtype=float64), array([], shape=(1, 0), dtype=float64), array([], shape=(1, 0), dtype=float64), array([], shape=(1, 0), dtype=float64), array([], dtype='<U1'), array([], shape=(1, 0), dtype=float64))]
 [(array(['F1'], dtype='<U2'), array([], dtype='<U1'), array([], shape=(1, 0), dtype=float64), array([], shape=(1, 0), dtype=float64), array([], shape=(1, 0), dtype=float64), array([], shape=(1, 0), dtype=float64), array([], shape=(1, 0), dtype=float64), array([], shape=(1, 0), dtype=float64), array([], shape=(1, 0), dtype=float64), array([], shape=(1, 0), dtype=float64), array([], dtype='<U1'), array([], shape=(1, 0), dtype=float64))]
 [(array(['F2'], dtype='<U2'), array([], dtype='<U1'), array([], shape=(1, 0), dtype=float64), array([], shape=(1, 0), dtype=float64), array([], shape=(1, 0), dtype=float64), array([], shape=(1, 0), dtype=float64), array([], shape=(1, 0), dtype=float64), array([], shape=(1, 0), dtype=float64), array([], shape=(1, 0), dtype=float64), array([], shape=(1, 0), dtype=float64), array([], dtype='<U1'), array([], shape=(1, 0), dtype=float64))]
 [(array(['F6'], dtype='<U2'), array([], dtype='<U1'), array([], shape=(1, 0), dtype=float64), array([], shape=(1, 0), dtype=float64), array([], shape=(1, 0), dtype=float64), array([], shape=(1, 0), dtype=float64), array([], shape=(1, 0), dtype=float64), array([], shape=(1, 0), dtype=float64), array([], shape=(1, 0), dtype=float64), array([], shape=(1, 0), dtype=float64), array([], dtype='<U1'), array([], shape=(1, 0), dtype=float64))]
 [(array(['FC3'], dtype='<U3'), array([], dtype='<U1'), array([], shape=(1, 0), dtype=float64), array([], shape=(1, 0), dtype=float64), array([], shape=(1, 0), dtype=float64), array([], shape=(1, 0), dtype=float64), array([], shape=(1, 0), dtype=float64), array([], shape=(1, 0), dtype=float64), array([], shape=(1, 0), dtype=float64), array([], shape=(1, 0), dtype=float64), array([], dtype='<U1'), array([], shape=(1, 0), dtype=float64))]
 [(array(['FCZ'], dtype='<U3'), array([], dtype='<U1'), array([], shape=(1, 0), dtype=float64), array([], shape=(1, 0), dtype=float64), array([], shape=(1, 0), dtype=float64), array([], shape=(1, 0), dtype=float64), array([], shape=(1, 0), dtype=float64), array([], shape=(1, 0), dtype=float64), array([], shape=(1, 0), dtype=float64), array([], shape=(1, 0), dtype=float64), array([], dtype='<U1'), array([], shape=(1, 0), dtype=float64))]
 [(array(['FC4'], dtype='<U3'), array([], dtype='<U1'), array([], shape=(1, 0), dtype=float64), array([], shape=(1, 0), dtype=float64), array([], shape=(1, 0), dtype=float64), array([], shape=(1, 0), dtype=float64), array([], shape=(1, 0), dtype=float64), array([], shape=(1, 0), dtype=float64), array([], shape=(1, 0), dtype=float64), array([], shape=(1, 0), dtype=float64), array([], dtype='<U1'), array([], shape=(1, 0), dtype=float64))]
 [(array(['C5'], dtype='<U2'), array([], dtype='<U1'), array([], shape=(1, 0), dtype=float64), array([], shape=(1, 0), dtype=float64), array([], shape=(1, 0), dtype=float64), array([], shape=(1, 0), dtype=float64), array([], shape=(1, 0), dtype=float64), array([], shape=(1, 0), dtype=float64), array([], shape=(1, 0), dtype=float64), array([], shape=(1, 0), dtype=float64), array([], dtype='<U1'), array([], shape=(1, 0), dtype=float64))]
 [(array(['C1'], dtype='<U2'), array([], dtype='<U1'), array([], shape=(1, 0), dtype=float64), array([], shape=(1, 0), dtype=float64), array([], shape=(1, 0), dtype=float64), array([], shape=(1, 0), dtype=float64), array([], shape=(1, 0), dtype=float64), array([], shape=(1, 0), dtype=float64), array([], shape=(1, 0), dtype=float64), array([], shape=(1, 0), dtype=float64), array([], dtype='<U1'), array([], shape=(1, 0), dtype=float64))]
 [(array(['C2'], dtype='<U2'), array([], dtype='<U1'), array([], shape=(1, 0), dtype=float64), array([], shape=(1, 0), dtype=float64), array([], shape=(1, 0), dtype=float64), array([], shape=(1, 0), dtype=float64), array([], shape=(1, 0), dtype=float64), array([], shape=(1, 0), dtype=float64), array([], shape=(1, 0), dtype=float64), array([], shape=(1, 0), dtype=float64), array([], dtype='<U1'), array([], shape=(1, 0), dtype=float64))]
 [(array(['C6'], dtype='<U2'), array([], dtype='<U1'), array([], shape=(1, 0), dtype=float64), array([], shape=(1, 0), dtype=float64), array([], shape=(1, 0), dtype=float64), array([], shape=(1, 0), dtype=float64), array([], shape=(1, 0), dtype=float64), array([], shape=(1, 0), dtype=float64), array([], shape=(1, 0), dtype=float64), array([], shape=(1, 0), dtype=float64), array([], dtype='<U1'), array([], shape=(1, 0), dtype=float64))]
 [(array(['CP3'], dtype='<U3'), array([], dtype='<U1'), array([], shape=(1, 0), dtype=float64), array([], shape=(1, 0), dtype=float64), array([], shape=(1, 0), dtype=float64), array([], shape=(1, 0), dtype=float64), array([], shape=(1, 0), dtype=float64), array([], shape=(1, 0), dtype=float64), array([], shape=(1, 0), dtype=float64), array([], shape=(1, 0), dtype=float64), array([], dtype='<U1'), array([], shape=(1, 0), dtype=float64))]
 [(array(['CP4'], dtype='<U3'), array([], dtype='<U1'), array([], shape=(1, 0), dtype=float64), array([], shape=(1, 0), dtype=float64), array([], shape=(1, 0), dtype=float64), array([], shape=(1, 0), dtype=float64), array([], shape=(1, 0), dtype=float64), array([], shape=(1, 0), dtype=float64), array([], shape=(1, 0), dtype=float64), array([], shape=(1, 0), dtype=float64), array([], dtype='<U1'), array([], shape=(1, 0), dtype=float64))]
 [(array(['P5'], dtype='<U2'), array([], dtype='<U1'), array([], shape=(1, 0), dtype=float64), array([], shape=(1, 0), dtype=float64), array([], shape=(1, 0), dtype=float64), array([], shape=(1, 0), dtype=float64), array([], shape=(1, 0), dtype=float64), array([], shape=(1, 0), dtype=float64), array([], shape=(1, 0), dtype=float64), array([], shape=(1, 0), dtype=float64), array([], dtype='<U1'), array([], shape=(1, 0), dtype=float64))]
 [(array(['P1'], dtype='<U2'), array([], dtype='<U1'), array([], shape=(1, 0), dtype=float64), array([], shape=(1, 0), dtype=float64), array([], shape=(1, 0), dtype=float64), array([], shape=(1, 0), dtype=float64), array([], shape=(1, 0), dtype=float64), array([], shape=(1, 0), dtype=float64), array([], shape=(1, 0), dtype=float64), array([], shape=(1, 0), dtype=float64), array([], dtype='<U1'), array([], shape=(1, 0), dtype=float64))]
 [(array(['P2'], dtype='<U2'), array([], dtype='<U1'), array([], shape=(1, 0), dtype=float64), array([], shape=(1, 0), dtype=float64), array([], shape=(1, 0), dtype=float64), array([], shape=(1, 0), dtype=float64), array([], shape=(1, 0), dtype=float64), array([], shape=(1, 0), dtype=float64), array([], shape=(1, 0), dtype=float64), array([], shape=(1, 0), dtype=float64), array([], dtype='<U1'), array([], shape=(1, 0), dtype=float64))]
 [(array(['P6'], dtype='<U2'), array([], dtype='<U1'), array([], shape=(1, 0), dtype=float64), array([], shape=(1, 0), dtype=float64), array([], shape=(1, 0), dtype=float64), array([], shape=(1, 0), dtype=float64), array([], shape=(1, 0), dtype=float64), array([], shape=(1, 0), dtype=float64), array([], shape=(1, 0), dtype=float64), array([], shape=(1, 0), dtype=float64), array([], dtype='<U1'), array([], shape=(1, 0), dtype=float64))]
 [(array(['PO5'], dtype='<U3'), array([], dtype='<U1'), array([], shape=(1, 0), dtype=float64), array([], shape=(1, 0), dtype=float64), array([], shape=(1, 0), dtype=float64), array([], shape=(1, 0), dtype=float64), array([], shape=(1, 0), dtype=float64), array([], shape=(1, 0), dtype=float64), array([], shape=(1, 0), dtype=float64), array([], shape=(1, 0), dtype=float64), array([], dtype='<U1'), array([], shape=(1, 0), dtype=float64))]
 [(array(['PO3'], dtype='<U3'), array([], dtype='<U1'), array([], shape=(1, 0), dtype=float64), array([], shape=(1, 0), dtype=float64), array([], shape=(1, 0), dtype=float64), array([], shape=(1, 0), dtype=float64), array([], shape=(1, 0), dtype=float64), array([], shape=(1, 0), dtype=float64), array([], shape=(1, 0), dtype=float64), array([], shape=(1, 0), dtype=float64), array([], dtype='<U1'), array([], shape=(1, 0), dtype=float64))]
 [(array(['PO4'], dtype='<U3'), array([], dtype='<U1'), array([], shape=(1, 0), dtype=float64), array([], shape=(1, 0), dtype=float64), array([], shape=(1, 0), dtype=float64), array([], shape=(1, 0), dtype=float64), array([], shape=(1, 0), dtype=float64), array([], shape=(1, 0), dtype=float64), array([], shape=(1, 0), dtype=float64), array([], shape=(1, 0), dtype=float64), array([], dtype='<U1'), array([], shape=(1, 0), dtype=float64))]
 [(array(['PO6'], dtype='<U3'), array([], dtype='<U1'), array([], shape=(1, 0), dtype=float64), array([], shape=(1, 0), dtype=float64), array([], shape=(1, 0), dtype=float64), array([], shape=(1, 0), dtype=float64), array([], shape=(1, 0), dtype=float64), array([], shape=(1, 0), dtype=float64), array([], shape=(1, 0), dtype=float64), array([], shape=(1, 0), dtype=float64), array([], dtype='<U1'), array([], shape=(1, 0), dtype=float64))]
 [(array(['FT7'], dtype='<U3'), array([], dtype='<U1'), array([], shape=(1, 0), dtype=float64), array([], shape=(1, 0), dtype=float64), array([], shape=(1, 0), dtype=float64), array([], shape=(1, 0), dtype=float64), array([], shape=(1, 0), dtype=float64), array([], shape=(1, 0), dtype=float64), array([], shape=(1, 0), dtype=float64), array([], shape=(1, 0), dtype=float64), array([], dtype='<U1'), array([], shape=(1, 0), dtype=float64))]
 [(array(['FT8'], dtype='<U3'), array([], dtype='<U1'), array([], shape=(1, 0), dtype=float64), array([], shape=(1, 0), dtype=float64), array([], shape=(1, 0), dtype=float64), array([], shape=(1, 0), dtype=float64), array([], shape=(1, 0), dtype=float64), array([], shape=(1, 0), dtype=float64), array([], shape=(1, 0), dtype=float64), array([], shape=(1, 0), dtype=float64), array([], dtype='<U1'), array([], shape=(1, 0), dtype=float64))]
 [(array(['TP7'], dtype='<U3'), array([], dtype='<U1'), array([], shape=(1, 0), dtype=float64), array([], shape=(1, 0), dtype=float64), array([], shape=(1, 0), dtype=float64), array([], shape=(1, 0), dtype=float64), array([], shape=(1, 0), dtype=float64), array([], shape=(1, 0), dtype=float64), array([], shape=(1, 0), dtype=float64), array([], shape=(1, 0), dtype=float64), array([], dtype='<U1'), array([], shape=(1, 0), dtype=float64))]
 [(array(['TP8'], dtype='<U3'), array([], dtype='<U1'), array([], shape=(1, 0), dtype=float64), array([], shape=(1, 0), dtype=float64), array([], shape=(1, 0), dtype=float64), array([], shape=(1, 0), dtype=float64), array([], shape=(1, 0), dtype=float64), array([], shape=(1, 0), dtype=float64), array([], shape=(1, 0), dtype=float64), array([], shape=(1, 0), dtype=float64), array([], dtype='<U1'), array([], shape=(1, 0), dtype=float64))]
 [(array(['PO7'], dtype='<U3'), array([], dtype='<U1'), array([], shape=(1, 0), dtype=float64), array([], shape=(1, 0), dtype=float64), array([], shape=(1, 0), dtype=float64), array([], shape=(1, 0), dtype=float64), array([], shape=(1, 0), dtype=float64), array([], shape=(1, 0), dtype=float64), array([], shape=(1, 0), dtype=float64), array([], shape=(1, 0), dtype=float64), array([], dtype='<U1'), array([], shape=(1, 0), dtype=float64))]
 [(array(['PO8'], dtype='<U3'), array([], dtype='<U1'), array([], shape=(1, 0), dtype=float64), array([], shape=(1, 0), dtype=float64), array([], shape=(1, 0), dtype=float64), array([], shape=(1, 0), dtype=float64), array([], shape=(1, 0), dtype=float64), array([], shape=(1, 0), dtype=float64), array([], shape=(1, 0), dtype=float64), array([], shape=(1, 0), dtype=float64), array([], dtype='<U1'), array([], shape=(1, 0), dtype=float64))]
 [(array(['OZ'], dtype='<U2'), array([], dtype='<U1'), array([], shape=(1, 0), dtype=float64), array([], shape=(1, 0), dtype=float64), array([], shape=(1, 0), dtype=float64), array([], shape=(1, 0), dtype=float64), array([], shape=(1, 0), dtype=float64), array([], shape=(1, 0), dtype=float64), array([], shape=(1, 0), dtype=float64), array([], shape=(1, 0), dtype=float64), array([], dtype='<U1'), array([], shape=(1, 0), dtype=float64))]]"
